date,product_id,quantity_sold,day_of_week,day_of_month,month
2026-07-11,1,3,5,11,7
2026-07-12,1,4,6,12,7
2026-07-13,1,3,0,13,7
2026-07-14,1,3,1,14,7
2026-07-15,1,2,2,15,7
2026-07-16,1,2,3,16,7
2026-07-17,1,2,4,17,7
2026-07-18,1,4,5,18,7
2026-07-19,1,4,6,19,7
2026-07-20,1,3,0,20,7
2026-07-21,1,2,1,21,7
2026-07-22,1,3,2,22,7
2026-07-23,1,3,3,23,7
2026-07-24,1,2,4,24,7
2026-07-25,1,3,5,25,7
2026-07-26,1,3,6,26,7
2026-07-27,1,3,0,27,7
2026-07-28,1,3,1,28,7
2026-07-29,1,3,2,29,7
2026-07-30,1,3,3,30,7
2026-07-31,1,3,4,31,7
2026-08-01,1,3,5,1,8
2026-08-02,1,3,6,2,8
2026-08-03,1,2,0,3,8
2026-08-04,1,3,1,4,8
2026-08-05,1,3,2,5,8
2026-08-06,1,2,3,6,8
2026-08-07,1,3,4,7,8
2026-08-08,1,4,5,8,8
2026-08-09,1,3,6,9,8
2026-08-10,1,3,0,10,8
2026-08-11,1,2,1,11,8
2026-08-12,1,2,2,12,8
2026-08-13,1,3,3,13,8
2026-08-14,1,3,4,14,8
2026-08-15,1,4,5,15,8
2026-08-16,1,3,6,16,8
2026-08-17,1,2,0,17,8
2026-08-18,1,3,1,18,8
2026-08-19,1,3,2,19,8
2026-08-20,1,2,3,20,8
2026-08-21,1,3,4,21,8
2026-08-22,1,3,5,22,8
2026-08-23,1,4,6,23,8
2026-08-24,1,2,0,24,8
2026-08-25,1,3,1,25,8
2026-08-26,1,3,2,26,8
2026-08-27,1,3,3,27,8
2026-08-28,1,3,4,28,8
2026-08-29,1,4,5,29,8
2026-08-30,1,5,6,30,8
2026-08-31,1,4,0,31,8
2026-09-01,1,3,1,1,9
2026-09-02,1,3,2,2,9
2026-09-03,1,3,3,3,9
2026-09-04,1,3,4,4,9
2026-09-05,1,3,5,5,9
2026-09-06,1,3,6,6,9
2026-09-07,1,2,0,7,9
2026-09-08,1,2,1,8,9
2026-09-09,1,3,2,9,9
2026-09-10,1,2,3,10,9
2026-09-11,1,3,4,11,9
2026-09-12,1,3,5,12,9
2026-09-13,1,3,6,13,9
2026-09-14,1,3,0,14,9
2026-09-15,1,2,1,15,9
2026-09-16,1,3,2,16,9
2026-09-17,1,2,3,17,9
2026-09-18,1,3,4,18,9
2026-09-19,1,4,5,19,9
2026-09-20,1,3,6,20,9
2026-09-21,1,2,0,21,9
2026-09-22,1,3,1,22,9
2026-09-23,1,3,2,23,9
2026-09-24,1,3,3,24,9
2026-09-25,1,4,4,25,9
2026-09-26,1,4,5,26,9
2026-09-27,1,4,6,27,9
2026-09-28,1,3,0,28,9
2026-09-29,1,4,1,29,9
2026-09-30,1,3,2,30,9
2026-10-01,1,3,3,1,10
2026-10-02,1,2,4,2,10
2026-10-03,1,3,5,3,10
2026-10-04,1,3,6,4,10
2026-10-05,1,3,0,5,10
2026-10-06,1,3,1,6,10
2026-10-07,1,3,2,7,10
2026-10-08,1,3,3,8,10
2026-07-11,2,22,5,11,7
2026-07-12,2,28,6,12,7
2026-07-13,2,22,0,13,7
2026-07-14,2,20,1,14,7
2026-07-15,2,22,2,15,7
2026-07-16,2,20,3,16,7
2026-07-17,2,20,4,17,7
2026-07-18,2,25,5,18,7
2026-07-19,2,21,6,19,7
2026-07-20,2,17,0,20,7
2026-07-21,2,16,1,21,7
2026-07-22,2,21,2,22,7
2026-07-23,2,18,3,23,7
2026-07-24,2,20,4,24,7
2026-07-25,2,35,5,25,7
2026-07-26,2,27,6,26,7
2026-07-27,2,22,0,27,7
2026-07-28,2,25,1,28,7
2026-07-29,2,20,2,29,7
2026-07-30,2,19,3,30,7
2026-07-31,2,21,4,31,7
2026-08-01,2,23,5,1,8
2026-08-02,2,31,6,2,8
2026-08-03,2,23,0,3,8
2026-08-04,2,21,1,4,8
2026-08-05,2,23,2,5,8
2026-08-06,2,23,3,6,8
2026-08-07,2,18,4,7,8
2026-08-08,2,31,5,8,8
2026-08-09,2,27,6,9,8
2026-08-10,2,23,0,10,8
2026-08-11,2,23,1,11,8
2026-08-12,2,19,2,12,8
2026-08-13,2,17,3,13,8
2026-08-14,2,18,4,14,8
2026-08-15,2,26,5,15,8
2026-08-16,2,30,6,16,8
2026-08-17,2,23,0,17,8
2026-08-18,2,16,1,18,8
2026-08-19,2,20,2,19,8
2026-08-20,2,20,3,20,8
2026-08-21,2,18,4,21,8
2026-08-22,2,23,5,22,8
2026-08-23,2,25,6,23,8
2026-08-24,2,24,0,24,8
2026-08-25,2,22,1,25,8
2026-08-26,2,24,2,26,8
2026-08-27,2,26,3,27,8
2026-08-28,2,22,4,28,8
2026-08-29,2,37,5,29,8
2026-08-30,2,37,6,30,8
2026-08-31,2,21,0,31,8
2026-09-01,2,21,1,1,9
2026-09-02,2,19,2,2,9
2026-09-03,2,19,3,3,9
2026-09-04,2,17,4,4,9
2026-09-05,2,28,5,5,9
2026-09-06,2,27,6,6,9
2026-09-07,2,17,0,7,9
2026-09-08,2,19,1,8,9
2026-09-09,2,24,2,9,9
2026-09-10,2,19,3,10,9
2026-09-11,2,18,4,11,9
2026-09-12,2,27,5,12,9
2026-09-13,2,33,6,13,9
2026-09-14,2,19,0,14,9
2026-09-15,2,22,1,15,9
2026-09-16,2,23,2,16,9
2026-09-17,2,19,3,17,9
2026-09-18,2,23,4,18,9
2026-09-19,2,26,5,19,9
2026-09-20,2,29,6,20,9
2026-09-21,2,22,0,21,9
2026-09-22,2,21,1,22,9
2026-09-23,2,18,2,23,9
2026-09-24,2,24,3,24,9
2026-09-25,2,23,4,25,9
2026-09-26,2,28,5,26,9
2026-09-27,2,26,6,27,9
2026-09-28,2,25,0,28,9
2026-09-29,2,26,1,29,9
2026-09-30,2,20,2,30,9
2026-10-01,2,21,3,1,10
2026-10-02,2,19,4,2,10
2026-10-03,2,30,5,3,10
2026-10-04,2,24,6,4,10
2026-10-05,2,23,0,5,10
2026-10-06,2,20,1,6,10
2026-10-07,2,25,2,7,10
2026-10-08,2,18,3,8,10
2026-07-11,3,9,5,11,7
2026-07-12,3,8,6,12,7
2026-07-13,3,9,0,13,7
2026-07-14,3,9,1,14,7
2026-07-15,3,7,2,15,7
2026-07-16,3,8,3,16,7
2026-07-17,3,9,4,17,7
2026-07-18,3,10,5,18,7
2026-07-19,3,10,6,19,7
2026-07-20,3,7,0,20,7
2026-07-21,3,6,1,21,7
2026-07-22,3,9,2,22,7
2026-07-23,3,9,3,23,7
2026-07-24,3,8,4,24,7
2026-07-25,3,11,5,25,7
2026-07-26,3,11,6,26,7
2026-07-27,3,10,0,27,7
2026-07-28,3,10,1,28,7
2026-07-29,3,10,2,29,7
2026-07-30,3,10,3,30,7
2026-07-31,3,9,4,31,7
2026-08-01,3,8,5,1,8
2026-08-02,3,9,6,2,8
2026-08-03,3,9,0,3,8
2026-08-04,3,8,1,4,8
2026-08-05,3,6,2,5,8
2026-08-06,3,6,3,6,8
2026-08-07,3,8,4,7,8
2026-08-08,3,8,5,8,8
2026-08-09,3,9,6,9,8
2026-08-10,3,8,0,10,8
2026-08-11,3,8,1,11,8
2026-08-12,3,8,2,12,8
2026-08-13,3,7,3,13,8
2026-08-14,3,9,4,14,8
2026-08-15,3,9,5,15,8
2026-08-16,3,10,6,16,8
2026-08-17,3,9,0,17,8
2026-08-18,3,8,1,18,8
2026-08-19,3,9,2,19,8
2026-08-20,3,8,3,20,8
2026-08-21,3,8,4,21,8
2026-08-22,3,9,5,22,8
2026-08-23,3,10,6,23,8
2026-08-24,3,7,0,24,8
2026-08-25,3,8,1,25,8
2026-08-26,3,11,2,26,8
2026-08-27,3,9,3,27,8
2026-08-28,3,11,4,28,8
2026-08-29,3,13,5,29,8
2026-08-30,3,14,6,30,8
2026-08-31,3,9,0,31,8
2026-09-01,3,8,1,1,9
2026-09-02,3,8,2,2,9
2026-09-03,3,7,3,3,9
2026-09-04,3,9,4,4,9
2026-09-05,3,10,5,5,9
2026-09-06,3,8,6,6,9
2026-09-07,3,9,0,7,9
2026-09-08,3,7,1,8,9
2026-09-09,3,10,2,9,9
2026-09-10,3,10,3,10,9
2026-09-11,3,9,4,11,9
2026-09-12,3,10,5,12,9
2026-09-13,3,8,6,13,9
2026-09-14,3,10,0,14,9
2026-09-15,3,8,1,15,9
2026-09-16,3,10,2,16,9
2026-09-17,3,10,3,17,9
2026-09-18,3,9,4,18,9
2026-09-19,3,10,5,19,9
2026-09-20,3,10,6,20,9
2026-09-21,3,9,0,21,9
2026-09-22,3,8,1,22,9
2026-09-23,3,7,2,23,9
2026-09-24,3,8,3,24,9
2026-09-25,3,11,4,25,9
2026-09-26,3,14,5,26,9
2026-09-27,3,13,6,27,9
2026-09-28,3,8,0,28,9
2026-09-29,3,10,1,29,9
2026-09-30,3,11,2,30,9
2026-10-01,3,7,3,1,10
2026-10-02,3,8,4,2,10
2026-10-03,3,13,5,3,10
2026-10-04,3,12,6,4,10
2026-10-05,3,9,0,5,10
2026-10-06,3,9,1,6,10
2026-10-07,3,8,2,7,10
2026-10-08,3,8,3,8,10
2026-07-11,4,7,5,11,7
2026-07-12,4,7,6,12,7
2026-07-13,4,5,0,13,7
2026-07-14,4,5,1,14,7
2026-07-15,4,5,2,15,7
2026-07-16,4,5,3,16,7
2026-07-17,4,5,4,17,7
2026-07-18,4,6,5,18,7
2026-07-19,4,7,6,19,7
2026-07-20,4,5,0,20,7
2026-07-21,4,5,1,21,7
2026-07-22,4,4,2,22,7
2026-07-23,4,4,3,23,7
2026-07-24,4,4,4,24,7
2026-07-25,4,7,5,25,7
2026-07-26,4,6,6,26,7
2026-07-27,4,5,0,27,7
2026-07-28,4,5,1,28,7
2026-07-29,4,5,2,29,7
2026-07-30,4,6,3,30,7
2026-07-31,4,4,4,31,7
2026-08-01,4,5,5,1,8
2026-08-02,4,7,6,2,8
2026-08-03,4,4,0,3,8
2026-08-04,4,4,1,4,8
2026-08-05,4,5,2,5,8
2026-08-06,4,5,3,6,8
2026-08-07,4,4,4,7,8
2026-08-08,4,7,5,8,8
2026-08-09,4,5,6,9,8
2026-08-10,4,4,0,10,8
2026-08-11,4,5,1,11,8
2026-08-12,4,5,2,12,8
2026-08-13,4,5,3,13,8
2026-08-14,4,5,4,14,8
2026-08-15,4,8,5,15,8
2026-08-16,4,6,6,16,8
2026-08-17,4,4,0,17,8
2026-08-18,4,5,1,18,8
2026-08-19,4,4,2,19,8
2026-08-20,4,5,3,20,8
2026-08-21,4,4,4,21,8
2026-08-22,4,5,5,22,8
2026-08-23,4,8,6,23,8
2026-08-24,4,5,0,24,8
2026-08-25,4,6,1,25,8
2026-08-26,4,5,2,26,8
2026-08-27,4,5,3,27,8
2026-08-28,4,5,4,28,8
2026-08-29,4,7,5,29,8
2026-08-30,4,8,6,30,8
2026-08-31,4,6,0,31,8
2026-09-01,4,5,1,1,9
2026-09-02,4,4,2,2,9
2026-09-03,4,6,3,3,9
2026-09-04,4,5,4,4,9
2026-09-05,4,7,5,5,9
2026-09-06,4,7,6,6,9
2026-09-07,4,5,0,7,9
2026-09-08,4,4,1,8,9
2026-09-09,4,5,2,9,9
2026-09-10,4,5,3,10,9
2026-09-11,4,4,4,11,9
2026-09-12,4,5,5,12,9
2026-09-13,4,5,6,13,9
2026-09-14,4,4,0,14,9
2026-09-15,4,6,1,15,9
2026-09-16,4,5,2,16,9
2026-09-17,4,5,3,17,9
2026-09-18,4,4,4,18,9
2026-09-19,4,6,5,19,9
2026-09-20,4,6,6,20,9
2026-09-21,4,4,0,21,9
2026-09-22,4,5,1,22,9
2026-09-23,4,5,2,23,9
2026-09-24,4,5,3,24,9
2026-09-25,4,6,4,25,9
2026-09-26,4,6,5,26,9
2026-09-27,4,7,6,27,9
2026-09-28,4,6,0,28,9
2026-09-29,4,6,1,29,9
2026-09-30,4,7,2,30,9
2026-10-01,4,5,3,1,10
2026-10-02,4,4,4,2,10
2026-10-03,4,5,5,3,10
2026-10-04,4,7,6,4,10
2026-10-05,4,4,0,5,10
2026-10-06,4,5,1,6,10
2026-10-07,4,6,2,7,10
2026-10-08,4,5,3,8,10
2026-07-11,5,2,5,11,7
2026-07-12,5,2,6,12,7
2026-07-13,5,1,0,13,7
2026-07-14,5,2,1,14,7
2026-07-15,5,2,2,15,7
2026-07-16,5,1,3,16,7
2026-07-17,5,2,4,17,7
2026-07-18,5,3,5,18,7
2026-07-19,5,2,6,19,7
2026-07-20,5,1,0,20,7
2026-07-21,5,1,1,21,7
2026-07-22,5,1,2,22,7
2026-07-23,5,1,3,23,7
2026-07-24,5,2,4,24,7
2026-07-25,5,2,5,25,7
2026-07-26,5,2,6,26,7
2026-07-27,5,2,0,27,7
2026-07-28,5,1,1,28,7
2026-07-29,5,2,2,29,7
2026-07-30,5,2,3,30,7
2026-07-31,5,1,4,31,7
2026-08-01,5,2,5,1,8
2026-08-02,5,2,6,2,8
2026-08-03,5,2,0,3,8
2026-08-04,5,2,1,4,8
2026-08-05,5,2,2,5,8
2026-08-06,5,1,3,6,8
2026-08-07,5,1,4,7,8
2026-08-08,5,2,5,8,8
2026-08-09,5,3,6,9,8
2026-08-10,5,2,0,10,8
2026-08-11,5,1,1,11,8
2026-08-12,5,1,2,12,8
2026-08-13,5,2,3,13,8
2026-08-14,5,1,4,14,8
2026-08-15,5,3,5,15,8
2026-08-16,5,3,6,16,8
2026-08-17,5,2,0,17,8
2026-08-18,5,2,1,18,8
2026-08-19,5,2,2,19,8
2026-08-20,5,1,3,20,8
2026-08-21,5,2,4,21,8
2026-08-22,5,2,5,22,8
2026-08-23,5,3,6,23,8
2026-08-24,5,1,0,24,8
2026-08-25,5,2,1,25,8
2026-08-26,5,2,2,26,8
2026-08-27,5,1,3,27,8
2026-08-28,5,2,4,28,8
2026-08-29,5,2,5,29,8
2026-08-30,5,2,6,30,8
2026-08-31,5,2,0,31,8
2026-09-01,5,2,1,1,9
2026-09-02,5,2,2,2,9
2026-09-03,5,2,3,3,9
2026-09-04,5,2,4,4,9
2026-09-05,5,2,5,5,9
2026-09-06,5,2,6,6,9
2026-09-07,5,2,0,7,9
2026-09-08,5,2,1,8,9
2026-09-09,5,2,2,9,9
2026-09-10,5,2,3,10,9
2026-09-11,5,1,4,11,9
2026-09-12,5,2,5,12,9
2026-09-13,5,2,6,13,9
2026-09-14,5,2,0,14,9
2026-09-15,5,2,1,15,9
2026-09-16,5,2,2,16,9
2026-09-17,5,2,3,17,9
2026-09-18,5,1,4,18,9
2026-09-19,5,2,5,19,9
2026-09-20,5,3,6,20,9
2026-09-21,5,2,0,21,9
2026-09-22,5,1,1,22,9
2026-09-23,5,1,2,23,9
2026-09-24,5,2,3,24,9
2026-09-25,5,2,4,25,9
2026-09-26,5,3,5,26,9
2026-09-27,5,3,6,27,9
2026-09-28,5,2,0,28,9
2026-09-29,5,2,1,29,9
2026-09-30,5,2,2,30,9
2026-10-01,5,2,3,1,10
2026-10-02,5,2,4,2,10
2026-10-03,5,3,5,3,10
2026-10-04,5,3,6,4,10
2026-10-05,5,2,0,5,10
2026-10-06,5,2,1,6,10
2026-10-07,5,2,2,7,10
2026-10-08,5,1,3,8,10
